Timestamp,"What is the ""job family"" of your role?",How would you describe your role?,Name of your company / employer,Which industry are you in?,How large is your organisation?,How models does your organisation have in production? This can be a guesstimate and doesn't have to be an accurate number.,"In 12 months from today, how many models does your organisation plan to have in production by then? This can be a guesstimate and doesn't have to be an accurate number.",Which areas or modality of machine learning / science does your team work on?,Which use-cases does your team use machine learning for?,Which of the following MLOps components do you have available/use across your organisation?,"For Model Registry and/or Experiment tracking, what tool do you use the most? Skip this question if you don't use any.","For Feature Store, what tool do you use the most? Skip this question if you don't use any.","For Vector Database, what tool do you use the most? Skip this question if you don't use any.","For ETL / Workflow Orchestrator, what tool do you use the most? Skip this question if you don't use any.","For Model Training and Experimentation Platform, what tool do you use the most? Skip this question if you don't use any.","For Central Data Platform / Data Lake, what tool do you use the most? Skip this question if you don't use any.","For Real Time Model Serving, what tool do you use the most? Skip this question if you don't use any.","When productionising a machine learning model, does your infrastructure enable any of the following deployment methods?","How long does it take your team to productionise a model (including data ingestion, etc)? ",Select which of the following your organisation has set up:,Which machine library do you use the most?,Which cloud platform do you use the most?,What approximate percentage of your models run real-time INFERENCE instead of batch?,Select the top 3 biggest challenges that you face when productionising your machine learning models,How satisfied are you with the tooling that you use for machine learning specifically?,"How important is machine learning in your organisation, defined by the actual investment and support?",How mature is security in the context of machine learning in your team?,How do you self identify?,What is your age?,What is your country of residence?,Is your organization in compliance for upcoming AI regulations?,"For Model Monitoring, what tool do you use the most? Skip this question if you don't use any.","For Managed Foundation Model / LLM Api Services, what tool do you use the most? Skip this question if you don't use any.",Score,Email address
14/09/2024 11:55:24,Software Engineer,Director/VP,Zalando SE,Retail,"5,000-50,000 employees",100-1000,1000+,"Causal Inference, Time Series / Forecasting","Fraud, Risk",,Spreadsheets,Hopsworks,,Airflow,Databricks,Deltalake,FastAPI/Flask Wrapper,CI/CD for continuous deployment,Less than 6 months,"A Developer Productivity Team which also covers machine learning, Central Machine Learning Platform / Team, Data Platform / Data Engineering Organisation, AI Risk & Governance Function, AI Inventory (Keeping track of all AI usecases and models)",Sklearn,Google Cloud Platform,Between 10% and 30%,"Machine learning monitoring and observability, Machine learning security, Governance and domain risks",,,,Male,30-34,Germany,,,OpenAI,0 / 28,
15/09/2024 17:17:24,Data Scientist,Manager,,Technology,50-250 employees,10-20,21-100,"Text / NLP (Non-LLM), Regression","Demand Forecasting, Search, Recommender systems, Pricing",,Weights & Biases,,,Airflow,Custom Built In-house tool,AWS / Lakeformation,FastAPI/Flask Wrapper,"Canary Deployments, Progressive Rollouts, CI/CD for continuous deployment, Development, Staging and Production Environments",Less than 3 months,"Central Machine Learning Platform / Team, Data Platform / Data Engineering Organisation",LightGBM,Amazon Web Services,More than 90%,"Inconsistency of training and experimentation environments, Building production-grade machine learning and data pipelines",,,,Male,35-39,,,,,,
15/09/2024 17:18:33,MLOps Engineer,Individual Contributor (Staff+),,Transportation & warehousing,"1,000-5,000 employees",1000+,1000+,Image / Computer Vision,Autonomous driving,,Comet,Custom Built In-house tool,,"in-house Argo workflows, hybrid multi-cluster, multi-cloud","in-house Argo workflows, hybrid multi-cluster, multi-cloud",Custom Built In-house tool,,"Development, Staging and Production Environments",Less than 3 months,"A Developer Productivity Team which also covers machine learning, Central Machine Learning Platform / Team, Data Platform / Data Engineering Organisation",PyTorch/Lightning/Fast.ai,"Hybrid, aws and on-prem",More than 90%,"Inconsistency of training and experimentation environments, Gaps in tooling and support for model productionisation, Access to relevant data for training",,,,Male,45-49,,,Comet,,,
15/09/2024 18:10:11,MLOps Engineer,Individual Contributor (Junior to Senior),,Fashion,50-250 employees,2-5,5-9,"Image / Computer Vision, LLMs",Search,,Spreadsheets,,Weaviate,Custom Built In-house tool,,,LMDeploy,,Less than 3 months,,PyTorch/Lightning/Fast.ai,Amazon Web Services,Between 50% and 90%,"Access to relevant data for training, Building production-grade machine learning and data pipelines, Machine learning monitoring and observability",,,,Male,25-29,Bangladesh,,,OpenAI,,
15/09/2024 18:50:17,MLOps Engineer,Individual Contributor (Junior to Senior),,Anti-fraud/cybersecurity,"250-1,000 employees",5-9,10-20,"LLMs, Tabular, Anomaly Detection",Fraud,,MLFlow,,,AWS Step Functions,Amazon SageMaker,AWS / Lakeformation,FastAPI/Flask Wrapper,"Canary Deployments, Progressive Rollouts, CI/CD for continuous deployment, Development, Staging and Production Environments",Less than 3 months,"Central Machine Learning Platform / Team, Data Platform / Data Engineering Organisation",Sklearn,Amazon Web Services,More than 90%,"Inconsistency of training and experimentation environments, Building production-grade machine learning and data pipelines, Machine learning monitoring and observability",,,,Male,35-39,Canada,,,Mistral,,
15/09/2024 18:54:32,,,,Technology,Less than 10 employees,,,LLMs,Marketing Intelligence,,Custom Built In-house tool,Hopsworks,Pinecone,,,,,,Less than a week,,PyTorch/Lightning/Fast.ai,Google Cloud Platform,,"Machine learning security, Governance and domain risks",,,,,,,,,,,
15/09/2024 19:33:27,Data Scientist,Individual Contributor (Staff+),Pacvue,Retail,"250-1,000 employees",10-20,21-100,"LLMs, Recommender Systems, Tabular, Time Series / Forecasting","Demand Forecasting, Marketing Intelligence, Recommender systems, Risk, Pricing",,MLFlow,Custom Built In-house tool,Pinecone,Airflow,Custom Built In-house tool,Snowflake,FastAPI/Flask Wrapper,"Progressive Rollouts, CI/CD for continuous deployment",Less than 3 months,Data Platform / Data Engineering Organisation,Catboost,Amazon Web Services,Between 10% and 30%,Access to relevant data for training,,,,Male,40-44,Romania,,Custom Built In-house tool,OpenAI,,
15/09/2024 20:48:52,Machine Learning Engineer,C-Suite,Occuspace,Technology,10-50 employees,5-9,10-20,Time Series / Forecasting,,,Spreadsheets,,ActiveLoop,Airflow,Custom Built In-house tool,AWS / Lakeformation,Custom Built In-house tool,"Canary Deployments, A/B Tests for Models, Progressive Rollouts",Less than 3 months,"Central Machine Learning Platform / Team, Data Platform / Data Engineering Organisation",Sklearn,Amazon Web Services,More than 90%,"Inconsistency of training and experimentation environments, Gaps in tooling and support for model productionisation",,,,Male,25-29,US,,Arize AI,OpenAI,,
15/09/2024 22:20:57,Data Scientist,Individual Contributor (Junior to Senior),Francis037,Data Consulting,Less than 10 employees,10-20,21-100,"Image / Computer Vision, Recommender Systems, Text / NLP (Non-LLM)","Marketing Intelligence, Search, Recommender systems",,MLFlow,Do not use any,Do not use any,Airflow,Custom Built In-house tool,Snowflake,FastAPI/Flask Wrapper,"A/B Tests for Models, CI/CD for continuous deployment",Less than a week,A Developer Productivity Team which also covers machine learning,TensorFlow,No cloud platform used,Less than 10%,"Showcasing business impact and business value, Machine learning security, Governance and domain risks",,,,Male,30-34,USA,,Custom Built In-house tool,OpenAI,,
16/09/2024 03:36:19,MLOps Engineer,Manager,,Media & Entertainment,50-250 employees,100-1000,21-100,"Recommender Systems, Search, Text / NLP (Non-LLM)",Recommender systems,,,,Faiss,,Google Cloud Vertex AI,GCP / BigLake,FastAPI/Flask Wrapper,"A/B Tests for Models, CI/CD for continuous deployment, Development, Staging and Production Environments",More than a year,Central Machine Learning Platform / Team,PyTorch/Lightning/Fast.ai,Google Cloud Platform,Between 10% and 30%,"Gaps in tooling and support for model productionisation, Building production-grade machine learning and data pipelines, Machine learning monitoring and observability",,,,Male,30-34,Japan,,,OpenAI,,
16/09/2024 08:40:19,Machine Learning Engineer,Individual Contributor (Junior to Senior),,Retail,"5,000-50,000 employees",IDK,IDK,Time Series / Forecasting,Demand Forecasting,,MLFlow,,,Airflow,Databricks,Deltalake,,"Canary Deployments, CI/CD for continuous deployment",Less than 6 months,"Central Machine Learning Platform / Team, AI Risk & Governance Function, AI Inventory (Keeping track of all AI usecases and models)",PyTorch/Lightning/Fast.ai,Amazon Web Services,Less than 10%,"Lack of specialised engineers, Showcasing business impact and business value, Machine learning monitoring and observability",,,,Male,30-34,France,,,,,
16/09/2024 13:16:10,Machine Learning Engineer,Individual Contributor (Staff+),,Healthcare,"5,000-50,000 employees",21-100,100-1000,"LLMs, Text / NLP (Non-LLM), Time Series / Forecasting","Search, Recommender systems, Risk, Healthcare",,Custom Built In-house tool,Custom Built In-house tool,None,Custom Built In-house tool,Custom Built In-house tool,Azure DataLake,Custom Built In-house tool,"Development, Staging and Production Environments",Less than 6 months,"A Developer Productivity Team which also covers machine learning, Central Machine Learning Platform / Team, Data Platform / Data Engineering Organisation",Sklearn,Azure,Less than 10%,"Inconsistency of training and experimentation environments, Access to relevant data for training, Lack of specialised engineers",,,,Male,40-44,USA,,Custom Built In-house tool,OpenAI,,
16/09/2024 15:15:12,Business / Domain Practitioner,Individual Contributor (Staff+),,Agriculture,"1,000-5,000 employees",2-5,10-20,"Image / Computer Vision, Recommender Systems","Recommender systems, Visual Detection in Video",,,,Custom Built In-house tool,,,,,"Progressive Rollouts, Development, Staging and Production Environments",Less than 6 months,,Sklearn,Azure,,"Gaps in tooling and support for model productionisation, Building production-grade machine learning and data pipelines",,,,Male,50-54,USA,,,OpenAI,,
16/09/2024 17:20:18,,Individual Contributor (Staff+),Bigabid,Technology,50-250 employees,100-1000,100-1000,Recommender Systems,Marketing Intelligence,,MLFlow,Custom Built In-house tool,,Airflow,Amazon SageMaker,AWS / Lakeformation,Custom Built In-house tool,"Canary Deployments, A/B Tests for Models, Progressive Rollouts, CI/CD for continuous deployment",More than a year,"Central Machine Learning Platform / Team, Data Platform / Data Engineering Organisation",PyTorch/Lightning/Fast.ai,Amazon Web Services,More than 90%,"Lack of specialised engineers, Lack of specialised data scientists",,,,Male,30-34,Israel,,Custom Built In-house tool,None,,
16/09/2024 22:03:59,Machine Learning Engineer,Individual Contributor (Staff+),,Food,10-50 employees,5-9,5-9,Image / Computer Vision,,,Data Version Control (DVC),,,,,,,"CI/CD for continuous deployment, Development, Staging and Production Environments",Less than a week,AI Inventory (Keeping track of all AI usecases and models),PyTorch/Lightning/Fast.ai,Amazon Web Services,Less than 10%,"Access to relevant data for training, Showcasing business impact and business value, Building production-grade machine learning and data pipelines",,,,Male,30-34,,,,,,
16/09/2024 23:49:22,MLOps Engineer,Individual Contributor (Staff+),Deutsche Telekom ,Telecommunications,"50,000+ employees",100-1000,1000+,"LLMs, Recommender Systems","Search, Recommender systems",,Data Version Control (DVC),Custom Built In-house tool,Milvus,Argo Workflows,Amazon SageMaker,AWS / Lakeformation,Sagemaker,"Canary Deployments, A/B Tests for Models, CI/CD for continuous deployment, Development, Staging and Production Environments",Less than 3 months,"A Developer Productivity Team which also covers machine learning, Central Machine Learning Platform / Team, Data Platform / Data Engineering Organisation",PyTorch/Lightning/Fast.ai,Amazon Web Services,Between 50% and 90%,"Gaps in tooling and support for model productionisation, Machine learning security, Governance and domain risks",,,,Male,35-39,Germany ,,Neptune AI,Azure AI,,
17/09/2024 02:30:50,Machine Learning Engineer,Manager,,Financial services,"50,000+ employees",1000+,100-1000,Tabular,Fraud,,Custom Built In-house tool,Custom Built In-house tool,Custom Built In-house tool,Amazon Glue,Amazon SageMaker,AWS / Lakeformation,Sagemaker,CI/CD for continuous deployment,More than a year,Central Machine Learning Platform / Team,Sklearn,Amazon Web Services,Between 10% and 30%,"Inconsistency of training and experimentation environments, Lack of specialised engineers",,,,Male,30-34,,,Custom Built In-house tool,Custom Built In-house tool,,
17/09/2024 03:11:21,MLOps Engineer,Individual Contributor (Junior to Senior),,Biotech,"250-1,000 employees",10-20,21-100,"Image / Computer Vision, chemical structure prediction",Pharmaceuticals,,Weights & Biases,,,Prefect,Anyscale and also Slurm,GCP / BigLake,FastAPI/Flask Wrapper,"CI/CD for continuous deployment, Development, Staging and Production Environments",Less than 6 months,"Central Machine Learning Platform / Team, Data Platform / Data Engineering Organisation, AI Inventory (Keeping track of all AI usecases and models)",PyTorch/Lightning/Fast.ai,Google Cloud Platform,Less than 10%,"Inconsistency of training and experimentation environments, Gaps in tooling and support for model productionisation, Machine learning monitoring and observability",,,,Female,Prefer not to share,United States,,,,,
17/09/2024 10:43:16,Machine Learning Engineer,Individual Contributor (Junior to Senior),Dataside,Technology,"250-1,000 employees",2-5,5-9,"Image / Computer Vision, LLMs, Tabular, Text / NLP (Non-LLM), Time Series / Forecasting","Demand Forecasting, Pricing",,MLFlow,,Azure AI Search,,Databricks,Azure DataLake,FastAPI/Flask Wrapper,"Development, Staging and Production Environments",Less than a month,"A Developer Productivity Team which also covers machine learning, Data Platform / Data Engineering Organisation",Sklearn,Azure,Between 10% and 30%,"Gaps in tooling and support for model productionisation, Lack of specialised engineers, Building production-grade machine learning and data pipelines",,,,Male,25-29,Brazil,,,Azure AI,,
17/09/2024 11:07:08,Machine Learning Engineer,Individual Contributor (Junior to Senior),tiger analytics,consulting,"1,000-5,000 employees",10-20,10-20,Tabular,"Demand Forecasting, Marketing Intelligence, Risk, Pricing",,MLFlow,Custom Built In-house tool,nil,databricks,Databricks,Deltalake,Databricks,CI/CD for continuous deployment,Less than a week,"A Developer Productivity Team which also covers machine learning, Central Machine Learning Platform / Team",Sklearn,Azure,Less than 10%,"Gaps in tooling and support for model productionisation, Lack of specialised engineers, Showcasing business impact and business value",,,,Male,30-34,india,,mlcore,Azure AI,,
17/09/2024 14:31:35,Data Scientist,Individual Contributor (Junior to Senior),,Aerospace & defense,Less than 10 employees,1,,"Image / Computer Vision, LLMs, Recommender Systems, Search, Text / NLP (Non-LLM), Time Series / Forecasting","Demand Forecasting, Marketing Intelligence, Search, Recommender systems",,Weights & Biases,Hopsworks,Weaviate,Airflow,Amazon SageMaker,AWS / Lakeformation,BentoML,"A/B Tests for Models, CI/CD for continuous deployment, Development, Staging and Production Environments",Less than 6 months,,Sklearn,Amazon Web Services,,"Lack of specialised engineers, Machine learning monitoring and observability, Machine learning security",,,,Male,18-21,india,,Evidently AI,OpenAI,,
17/09/2024 16:17:13,Software Engineer,Director/VP,IBM / IBM Research,Technology,"50,000+ employees",1000+,1000+,"LLMs, Recommender Systems, Search, Text / NLP (Non-LLM)","Search, Property Prediction (Molecular)",,Custom Built In-house tool,Custom Built In-house tool,Milvus,Custom Built In-house tool,Custom Built In-house tool,Custom Built In-house tool,Custom Built In-house tool,"Canary Deployments, A/B Tests for Models, CI/CD for continuous deployment",Less than 3 months,"A Developer Productivity Team which also covers machine learning, Central Machine Learning Platform / Team, Data Platform / Data Engineering Organisation, AI Risk & Governance Function",PyTorch/Lightning/Fast.ai,Amazon Web Services,Between 10% and 30%,"Building production-grade machine learning and data pipelines, Governance and domain risks",,,,Male,45-49,USA,,Custom Built In-house tool,Custom Built In-house tool,,
17/09/2024 16:58:53,MLOps Engineer,C-Suite,,Electronics,50-250 employees,21-100,21-100,"LLMs, Text / NLP (Non-LLM), Time Series / Forecasting","Marketing Intelligence, Risk, Pricing",,,,,,,AWS / Lakeformation,FastAPI/Flask Wrapper,,Less than a year,"A Developer Productivity Team which also covers machine learning, AI Risk & Governance Function, AI Inventory (Keeping track of all AI usecases and models)",Sklearn,Amazon Web Services,More than 90%,,,,,Male,35-39,,,,,,
17/09/2024 20:44:31,Machine Learning Engineer,Individual Contributor (Junior to Senior),,,"250-1,000 employees",,,"LLMs, Recommender Systems, Search, Text / NLP (Non-LLM)","Marketing Intelligence, Recommender systems",,MLFlow,,,Airflow,,,FastAPI/Flask Wrapper,CI/CD for continuous deployment,,Data Platform / Data Engineering Organisation,Dspy,Amazon Web Services,,"Access to relevant data for training, Showcasing business impact and business value, Machine learning monitoring and observability",,,,,,,,,OpenAI,,
20/09/2024 10:37:36,Data Scientist,Individual Contributor (Junior to Senior),Heraeus,Technology,"5,000-50,000 employees",10-20,21-100,"Image / Computer Vision, LLMs, Tabular, Time Series / Forecasting",defect detection,,Weights & Biases,Dataiku,,Dataiku,Azure ML Studio,Snowflake,Triton Inference Server,"Development, Staging and Production Environments",Less than 6 months,"Central Machine Learning Platform / Team, Data Platform / Data Engineering Organisation, AI Inventory (Keeping track of all AI usecases and models)",PyTorch/Lightning/Fast.ai,Azure,Between 50% and 90%,"Lack of specialised engineers, Machine learning monitoring and observability, Governance and domain risks",,,,Male,30-34,Germany,,Custom Built In-house tool,Azure AI,,
22/09/2024 17:58:12,Data Scientist,Manager,,Healthcare,10-50 employees,0,2-5,Text / NLP (Non-LLM),Risk,,MLFlow,FEAST,Qdrant,Dbt,Amazon SageMaker,AWS / Lakeformation,,CI/CD for continuous deployment,More than a year,,XGBoost,Amazon Web Services,,"Inconsistency of training and experimentation environments, Access to relevant data for training, Governance and domain risks",,,,,,,,WhyLabs,,,
22/09/2024 18:16:52,Data Scientist,Individual Contributor (Staff+),AIS,Telecommunications,"5,000-50,000 employees",10-20,21-100,"LLMs, Recommender Systems, Tabular, Text / NLP (Non-LLM), Time Series / Forecasting","Marketing Intelligence, Recommender systems, Fraud, Risk",,MLFlow,Custom Built In-house tool,Custom Built In-house tool,Custom Built In-house tool,Databricks,Deltalake,FastAPI/Flask Wrapper,"A/B Tests for Models, Progressive Rollouts, CI/CD for continuous deployment, Development, Staging and Production Environments",Less than 6 months,"Central Machine Learning Platform / Team, Data Platform / Data Engineering Organisation, AI Risk & Governance Function",Catboost,Azure,Less than 10%,"Access to relevant data for training, Showcasing business impact and business value",,,,Male,25-29,Thailand,,"Deepcheck, NannyML",Azure AI,,
22/09/2024 19:20:06,Machine Learning Engineer,Individual Contributor (Junior to Senior),,Retail,50-250 employees,2-5,5-9,"Image / Computer Vision, Search, Text / NLP (Non-LLM)",Search,,MLFlow,,Milvus,Argo Workflows,Amazon SageMaker,,Nvidia Triton Inference Server,,Less than a month,,PyTorch/Lightning/Fast.ai,Amazon Web Services,Between 50% and 90%,"Lack of specialised engineers, Building production-grade machine learning and data pipelines",,,,Male,35-39,Turkey,,,,,
22/09/2024 21:25:48,Data Scientist,Individual Contributor (Staff+),,Energy,Less than 10 employees,0,1,RL,Optimization,,Custom Built In-house tool,Custom Built In-house tool,None,Custom Built In-house tool,Custom Built In-house tool,None,Custom Built In-house tool,,Less than a month,Central Machine Learning Platform / Team,Stable-Baselines3,Amazon Web Services,More than 90%,"Inconsistency of training and experimentation environments, Building production-grade machine learning and data pipelines, Machine learning monitoring and observability",,,,Male,25-29,US,,Custom Built In-house tool,None,,
22/09/2024 23:48:32,Machine Learning Engineer,Individual Contributor (Junior to Senior),,Technology,50-250 employees,5-9,10-20,"LLMs, Search, Text / NLP (Non-LLM)",Search,,MLFlow,,Milvus,Argo Workflows,Custom Built In-house tool,,Custom Built In-house tool,"Progressive Rollouts, CI/CD for continuous deployment, Development, Staging and Production Environments",Less than 3 months,Central Machine Learning Platform / Team,PyTorch/Lightning/Fast.ai,Google Cloud Platform,More than 90%,"Inconsistency of training and experimentation environments, Machine learning monitoring and observability, Machine learning security",,,,Male,25-29,United States,,,OpenAI,,
23/09/2024 00:12:18,Machine Learning Engineer,Individual Contributor (Staff+),Carta,Financial services,"1,000-5,000 employees",1000+,1000+,Tabular,"Marketing Intelligence, Pricing",,Weights & Biases,,LanceDB,Metaflow,Custom Built In-house tool,,FastAPI/Flask Wrapper,,Less than 3 months,Data Platform / Data Engineering Organisation,TensorFlow,Amazon Web Services,Between 10% and 30%,"Gaps in tooling and support for model productionisation, Building production-grade machine learning and data pipelines",,,,Male,30-34,United States,,"Metaflow + Evidently, altair + W&B",OpenAI,,
23/09/2024 01:21:05,Product Manager,Director/VP,,Telecommunications,"250-1,000 employees",2-5,10-20,"LLMs, Text / NLP (Non-LLM)","Recommender systems, Agentic systems, agents assists",,Custom Built In-house tool,,Milvus,Custom Built In-house tool,,Snowflake,FastAPI/Flask Wrapper,"Development, Staging and Production Environments",Less than a month,Central Machine Learning Platform / Team,PyTorch/Lightning/Fast.ai,Amazon Web Services,More than 90%,"Inconsistency of training and experimentation environments, Access to relevant data for training, Showcasing business impact and business value",,,,Male,40-44,,,,Azure AI,,
23/09/2024 07:02:07,Software Engineer,Manager,,Financial services,50-250 employees,21-100,21-100,"LLMs, Text / NLP (Non-LLM)",Fraud,,Weights & Biases,FEAST,Milvus,Argo Workflows,Google Cloud Vertex AI,Snowflake,FastAPI/Flask Wrapper,A/B Tests for Models,Less than a year,"Central Machine Learning Platform / Team, Data Platform / Data Engineering Organisation",PyTorch/Lightning/Fast.ai,Google Cloud Platform,Between 50% and 90%,"Inconsistency of training and experimentation environments, Gaps in tooling and support for model productionisation, Access to relevant data for training",,,,Male,25-29,Vietnamese,,Neptune AI,OpenAI,,
23/09/2024 08:23:30,Software Engineer,Individual Contributor (Staff+),,Retail,10-50 employees,10-20,21-100,Image / Computer Vision,Fraud,,Clearml,Custom Built In-house tool,,Custom Built In-house tool,,,Custom Built In-house tool,"A/B Tests for Models, CI/CD for continuous deployment",Less than a month,"Central Machine Learning Platform / Team, Data Platform / Data Engineering Organisation",PyTorch/Lightning/Fast.ai,Google Cloud Platform,More than 90%,"Inconsistency of training and experimentation environments, Showcasing business impact and business value, Governance and domain risks",,,,Male,40-44,Germany ,,,,,
23/09/2024 08:51:33,Data Scientist,Manager,,Financial services,"250-1,000 employees",21-100,21-100,"LLMs, Tabular",Fraud,,Spreadsheets,,,,Custom Built In-house tool,Custom Built In-house tool,Custom Built In-house tool,"Development, Staging and Production Environments",Less than a year,Data Platform / Data Engineering Organisation,Sklearn,Amazon Web Services,More than 90%,"Gaps in tooling and support for model productionisation, Access to relevant data for training, Machine learning monitoring and observability",,,,Male,35-39,Spain,,Custom Built In-house tool,OpenAI,,
23/09/2024 10:30:58,Machine Learning Engineer,Individual Contributor (Staff+),,Energy,"5,000-50,000 employees",100-1000,1000+,Time Series / Forecasting,Risk,,MLFlow,,,,Azure ML Studio,Deltalake,FastAPI/Flask Wrapper,"CI/CD for continuous deployment, Development, Staging and Production Environments",Less than 6 months,Data Platform / Data Engineering Organisation,Sklearn,Azure,Less than 10%,"Inconsistency of training and experimentation environments, Gaps in tooling and support for model productionisation, Showcasing business impact and business value",,,,Male,35-39,Netherlands ,,Azure ML ,,,
23/09/2024 10:51:34,Machine Learning Engineer,Manager,N/A,Media & Entertainment,"250-1,000 employees",2-5,5-9,"LLMs, Tabular","Marketing Intelligence, Support automation",,clearml,,,Airflow,clearml,,FastAPI/Flask Wrapper,"Development, Staging and Production Environments",Less than 3 months,"Central Machine Learning Platform / Team, Data Platform / Data Engineering Organisation",Catboost,Amazon Web Services,Between 10% and 30%,"Lack of specialised engineers, Showcasing business impact and business value, Machine learning monitoring and observability",,,,Male,35-39,Estonia,,,OpenAI,,
23/09/2024 11:27:25,Data Scientist,Individual Contributor (Junior to Senior),,Travel,"250-1,000 employees",10-20,21-100,"Recommender Systems, Search","Search, Recommender systems",,Vertex AI Experiments,,,Airflow,Google Cloud Vertex AI,GCP / BigLake,,,,Data Platform / Data Engineering Organisation,PyTorch/Lightning/Fast.ai,Google Cloud Platform,Less than 10%,"Lack of specialised engineers, Building production-grade machine learning and data pipelines",,,,Male,,,,,,,
23/09/2024 16:01:09,Data Engineer,Individual Contributor (Staff+),Granum Technologies LLC,Financial services,Less than 10 employees,1,2-5,"Causal Inference, Search, Time Series / Forecasting","Demand Forecasting, Search, Fraud, Risk",,MLFlow,,,Prefect,Databricks,Deltalake,Databricks,"CI/CD for continuous deployment, Development, Staging and Production Environments",Less than 3 months,A Developer Productivity Team which also covers machine learning,TensorFlow,Azure,Less than 10%,"Access to relevant data for training, Showcasing business impact and business value, Building production-grade machine learning and data pipelines",,,,Male,30-34,United States,,,OpenAI,,
23/09/2024 20:02:03,Machine Learning Engineer,Individual Contributor (Junior to Senior),,Technology,Less than 10 employees,2-5,5-9,"Image / Computer Vision, LLMs","Search, Recommender systems",,Data Version Control (DVC),,Pgvector,Prefect,Custom Built In-house tool,Custom Built In-house tool,SkyPilot ,"A/B Tests for Models, Progressive Rollouts, CI/CD for continuous deployment",Less than a week,"A Developer Productivity Team which also covers machine learning, Central Machine Learning Platform / Team",PyTorch/Lightning/Fast.ai,Digital Ocean ,Between 50% and 90%,"Showcasing business impact and business value, Building production-grade machine learning and data pipelines, Machine learning security",,,,Male,Prefer not to share,USA,,Evidently AI,Custom Built In-house tool,,
23/09/2024 23:13:22,Machine Learning Engineer,Individual Contributor (Junior to Senior),Willhaben,Marketplaces,"250-1,000 employees",1,2-5,"Recommender Systems, Search, Text / NLP (Non-LLM)","Search, Recommender systems",,MLFlow,,Opensearch ,Argo Workflows,,,FastAPI/Flask Wrapper,"A/B Tests for Models, Progressive Rollouts, Development, Staging and Production Environments",Less than 6 months,A Developer Productivity Team which also covers machine learning,PyTorch/Lightning/Fast.ai,Amazon Web Services,More than 90%,"Lack of specialised engineers, Showcasing business impact and business value, Building production-grade machine learning and data pipelines",,,,,25-29,Austria,,,Anthropic,,
24/09/2024 09:53:22,Machine Learning Engineer,Manager,,Technology,"250-1,000 employees",21-100,21-100,"LLMs, Search, Text / NLP (Non-LLM)",Search,,MLFlow,Custom Built In-house tool,NA,Airflow,Amazon SageMaker,Deltalake,BentoML,"Canary Deployments, Progressive Rollouts, CI/CD for continuous deployment, Development, Staging and Production Environments",Less than a week,"Central Machine Learning Platform / Team, Data Platform / Data Engineering Organisation",PyTorch/Lightning/Fast.ai,Amazon Web Services,Between 50% and 90%,"Gaps in tooling and support for model productionisation, Lack of specialised engineers, Building production-grade machine learning and data pipelines",,,,Male,35-39,US,,Custom Built In-house tool,NA,,
24/09/2024 10:01:35,MLOps Engineer,Manager,Eneco,Energy,"1,000-5,000 employees",1000+,1000+,"LLMs, Tabular, Text / NLP (Non-LLM), Time Series / Forecasting","Demand Forecasting, Marketing Intelligence, Pricing",,MLFlow,selft built / Databricks,,Airflow,Databricks,Snowflake,FastAPI/Flask Wrapper,"Progressive Rollouts, CI/CD for continuous deployment, Development, Staging and Production Environments","This is a hard question... going from 3-6 months now, to less than a week when I'm done building the platforms :) ","Central Machine Learning Platform / Team, Data Platform / Data Engineering Organisation",XGBoost,Azure,Between 10% and 30%,"Showcasing business impact and business value, Building production-grade machine learning and data pipelines, Machine learning monitoring and observability",,,,Male,40-44,Netherlands,,Custom Built In-house tool,Azure AI,,
24/09/2024 10:24:58,Product Manager,Manager,YData,Technology,10-50 employees,2-5,5-9,"Causal Inference, Tabular, Time Series / Forecasting",Synthetic data generation,,Custom Built In-house tool,,,Argo Workflows,Custom Built In-house tool,,,"A/B Tests for Models, CI/CD for continuous deployment",Less than 3 months,Data Platform / Data Engineering Organisation,Sklearn,Amazon Web Services,Less than 10%,"Lack of specialised engineers, Lack of specialised data scientists",,,,Female,30-34,USA,,,,,
24/09/2024 10:40:18,Machine Learning Engineer,Individual Contributor (Staff+),,Financial services,"1,000-5,000 employees",10-20,21-100,"LLMs, Tabular, Time Series / Forecasting","Fraud, Risk",,,,azure ai search,,Databricks,Snowflake,FastAPI/Flask Wrapper,,Less than 3 months,,Perpetual,Amazon Web Services,Between 10% and 30%,"Gaps in tooling and support for model productionisation, Lack of specialised data scientists, Showcasing business impact and business value",,,,Male,35-39,TÃ¼rkiye,,Perpetual ML Suite,Azure AI,,
24/09/2024 11:24:48,Machine Learning Engineer,Individual Contributor (Junior to Senior),,Technology,"250-1,000 employees",21-100,21-100,"LLMs, Recommender Systems, Tabular, Text / NLP (Non-LLM)","Demand Forecasting, Recommender systems, Fraud, Risk, Pricing",,MLFlow,None,None,Airflow,Custom Built In-house tool,GCP / BigLake,FastAPI/Flask Wrapper,Canary Deployments,Less than 3 months,Central Machine Learning Platform / Team,Sklearn,Google Cloud Platform,Less than 10%,"Showcasing business impact and business value, Machine learning monitoring and observability",,,,,35-39,,,Evidently AI,OpenAI,,
24/09/2024 11:29:46,,Director/VP,,Technology,Less than 10 employees,2-5,2-5,LLMs,"Marketing Intelligence, Strategy",,Custom Built In-house tool,Custom Built In-house tool,Pinecone,NiFi,Custom Built In-house tool,Custom Built In-house tool,FastAPI/Flask Wrapper,,Less than a month,"A Developer Productivity Team which also covers machine learning, Data Platform / Data Engineering Organisation, AI Inventory (Keeping track of all AI usecases and models)",PyTorch/Lightning/Fast.ai,Google Cloud Platform,Less than 10%,"Inconsistency of training and experimentation environments, Machine learning monitoring and observability, Machine learning security",,,,,,,,,Anthropic,,
24/09/2024 17:08:19,Machine Learning Engineer,Individual Contributor (Staff+),Accenture,Technology,"50,000+ employees",1000+,1000+,"Search, Tabular, Time Series / Forecasting","Demand Forecasting, Fraud, Risk",,MLFlow,NA,NA,Airflow,Databricks,Snowflake,FastAPI/Flask Wrapper,"Development, Staging and Production Environments",Less than 3 months,"Data Platform / Data Engineering Organisation, AI Risk & Governance Function",Sklearn,Amazon Web Services,Less than 10%,"Inconsistency of training and experimentation environments, Gaps in tooling and support for model productionisation",,,,Male,25-29,India,,Custom Built In-house tool,Custom Built In-house tool,,
24/09/2024 17:51:35,MLOps Engineer,Individual Contributor (Junior to Senior),,Financial services,50-250 employees,5-9,5-9,"Tabular, Time Series / Forecasting","Risk, Pricing",,MLFlow,Custom Built In-house tool,,Airflow,Custom Built In-house tool,,FastAPI/Flask Wrapper,"CI/CD for continuous deployment, Development, Staging and Production Environments",Less than a month,Central Machine Learning Platform / Team,Sklearn,Amazon Web Services,Less than 10%,"Inconsistency of training and experimentation environments, Access to relevant data for training",,,,Male,45-49,Colombia,,Custom Built In-house tool,,,
24/09/2024 20:22:40,,,,Technology,"250-1,000 employees",21-100,100-1000,LLMs,"Search, Recommender systems",,MLFlow,Databricks,Databricks,Databricks Workflows,Databricks,,Databricks,,Less than 3 months,,PyTorch/Lightning/Fast.ai,Amazon Web Services,,"Lack of specialised engineers, Lack of specialised data scientists, Showcasing business impact and business value",,,,,,,,,,,
24/09/2024 21:20:21,Data Scientist,Individual Contributor (Staff+),"Not allowed to tell, large travel company ;)",Transportation & warehousing,"5,000-50,000 employees",10-20,21-100,"LLMs, Recommender Systems, Time Series / Forecasting","Demand Forecasting, Fraud, Risk",,Snowflake,Snowflake,,Snowflake,Snowflake,Snowflake,Custom Built In-house tool,"Canary Deployments, A/B Tests for Models, Progressive Rollouts, CI/CD for continuous deployment, Development, Staging and Production Environments",Less than a week,Data Platform / Data Engineering Organisation,XGBoost,Amazon Web Services,Less than 10%,Showcasing business impact and business value,,,,Male,35-39,Germany,,,Snowflake,,
26/09/2024 02:24:28,Business / Domain Practitioner,Director/VP,AXA ,Insurance,"50,000+ employees",21-100,100-1000,"Causal Inference, Image / Computer Vision, LLMs, Recommender Systems, Text / NLP (Non-LLM), Time Series / Forecasting","Demand Forecasting, Recommender systems, Risk, Climate Modelling, Geospatial AI",,Custom Built In-house tool,Custom Built In-house tool,,Airflow,Databricks,AWS / Lakeformation,Databricks,"CI/CD for continuous deployment, Development, Staging and Production Environments",Less than a month,"Data Platform / Data Engineering Organisation, AI Risk & Governance Function, AI Inventory (Keeping track of all AI usecases and models)",PyTorch/Lightning/Fast.ai,Amazon Web Services,Less than 10%,"Gaps in tooling and support for model productionisation, Access to relevant data for training, Governance and domain risks",,,,Male,45-49,United Kingdom,,Fiddler AI,Custom Built In-house tool,,